track_id,class,mean_error,max_error,min_error,std_error
16,motor,7.9743172952057275,8.68204684047695,7.266587749934505,0.7077295452712224
